date,commodity_name,country,market,price_type,unit,uuid,price_usd
1990-01-01,Tea,INTERNATIONAL PRICES,FAO Tea Composite Price,EXPORT,Kg,bd2b475e-9344-4e98-9457-443dcce5b223,2.07
1990-02-01,Tea,INTERNATIONAL PRICES,FAO Tea Composite Price,EXPORT,Kg,bd2b475e-9344-4e98-9457-443dcce5b223,2.06
1990-03-01,Tea,INTERNATIONAL PRICES,FAO Tea Composite Price,EXPORT,Kg,bd2b475e-9344-4e98-9457-443dcce5b223,2.04
1990-04-01,Tea,INTERNATIONAL PRICES,FAO Tea Composite Price,EXPORT,Kg,bd2b475e-9344-4e98-9457-443dcce5b223,2.0
1990-05-01,Tea,INTERNATIONAL PRICES,FAO Tea Composite Price,EXPORT,Kg,bd2b475e-9344-4e98-9457-443dcce5b223,1.92
1990-06-01,Tea,INTERNATIONAL PRICES,FAO Tea Composite Price,EXPORT,Kg,bd2b475e-9344-4e98-9457-443dcce5b223,1.79
1990-07-01,Tea,INTERNATIONAL PRICES,FAO Tea Composite Price,EXPORT,Kg,bd2b475e-9344-4e98-9457-443dcce5b223,1.97
1990-08-01,Tea,INTERNATIONAL PRICES,FAO Tea Composite Price,EXPORT,Kg,bd2b475e-9344-4e98-9457-443dcce5b223,2.08
1990-09-01,Tea,INTERNATIONAL PRICES,FAO Tea Composite Price,EXPORT,Kg,bd2b475e-9344-4e98-9457-443dcce5b223,2.09
1990-10-01,Tea,INTERNATIONAL PRICES,FAO Tea Composite Price,EXPORT,Kg,bd2b475e-9344-4e98-9457-443dcce5b223,2.15
1990-11-01,Tea,INTERNATIONAL PRICES,FAO Tea Composite Price,EXPORT,Kg,bd2b475e-9344-4e98-9457-443dcce5b223,2.01
1990-12-01,Tea,INTERNATIONAL PRICES,FAO Tea Composite Price,EXPORT,Kg,bd2b475e-9344-4e98-9457-443dcce5b223,1.99
1991-01-01,Tea,INTERNATIONAL PRICES,FAO Tea Composite Price,EXPORT,Kg,bd2b475e-9344-4e98-9457-443dcce5b223,1.93
1991-02-01,Tea,INTERNATIONAL PRICES,FAO Tea Composite Price,EXPORT,Kg,bd2b475e-9344-4e98-9457-443dcce5b223,1.75
1991-03-01,Tea,INTERNATIONAL PRICES,FAO Tea Composite Price,EXPORT,Kg,bd2b475e-9344-4e98-9457-443dcce5b223,1.73
1991-04-01,Tea,INTERNATIONAL PRICES,FAO Tea Composite Price,EXPORT,Kg,bd2b475e-9344-4e98-9457-443dcce5b223,1.7
1991-05-01,Tea,INTERNATIONAL PRICES,FAO Tea Composite Price,EXPORT,Kg,bd2b475e-9344-4e98-9457-443dcce5b223,1.83
1991-06-01,Tea,INTERNATIONAL PRICES,FAO Tea Composite Price,EXPORT,Kg,bd2b475e-9344-4e98-9457-443dcce5b223,1.64
1991-07-01,Tea,INTERNATIONAL PRICES,FAO Tea Composite Price,EXPORT,Kg,bd2b475e-9344-4e98-9457-443dcce5b223,1.51
1991-08-01,Tea,INTERNATIONAL PRICES,FAO Tea Composite Price,EXPORT,Kg,bd2b475e-9344-4e98-9457-443dcce5b223,1.5
1991-09-01,Tea,INTERNATIONAL PRICES,FAO Tea Composite Price,EXPORT,Kg,bd2b475e-9344-4e98-9457-443dcce5b223,1.46
1991-10-01,Tea,INTERNATIONAL PRICES,FAO Tea Composite Price,EXPORT,Kg,bd2b475e-9344-4e98-9457-443dcce5b223,1.46
1991-11-01,Tea,INTERNATIONAL PRICES,FAO Tea Composite Price,EXPORT,Kg,bd2b475e-9344-4e98-9457-443dcce5b223,1.46
1991-12-01,Tea,INTERNATIONAL PRICES,FAO Tea Composite Price,EXPORT,Kg,bd2b475e-9344-4e98-9457-443dcce5b223,1.43
1992-01-01,Tea,INTERNATIONAL PRICES,FAO Tea Composite Price,EXPORT,Kg,bd2b475e-9344-4e98-9457-443dcce5b223,1.39
1992-02-01,Tea,INTERNATIONAL PRICES,FAO Tea Composite Price,EXPORT,Kg,bd2b475e-9344-4e98-9457-443dcce5b223,1.35
1992-03-01,Tea,INTERNATIONAL PRICES,FAO Tea Composite Price,EXPORT,Kg,bd2b475e-9344-4e98-9457-443dcce5b223,1.39
1992-04-01,Tea,INTERNATIONAL PRICES,FAO Tea Composite Price,EXPORT,Kg,bd2b475e-9344-4e98-9457-443dcce5b223,1.53
1992-05-01,Tea,INTERNATIONAL PRICES,FAO Tea Composite Price,EXPORT,Kg,bd2b475e-9344-4e98-9457-443dcce5b223,1.7
1992-06-01,Tea,INTERNATIONAL PRICES,FAO Tea Composite Price,EXPORT,Kg,bd2b475e-9344-4e98-9457-443dcce5b223,1.56
1992-07-01,Tea,INTERNATIONAL PRICES,FAO Tea Composite Price,EXPORT,Kg,bd2b475e-9344-4e98-9457-443dcce5b223,1.57
1992-08-01,Tea,INTERNATIONAL PRICES,FAO Tea Composite Price,EXPORT,Kg,bd2b475e-9344-4e98-9457-443dcce5b223,1.69
1992-09-01,Tea,INTERNATIONAL PRICES,FAO Tea Composite Price,EXPORT,Kg,bd2b475e-9344-4e98-9457-443dcce5b223,1.62
1992-10-01,Tea,INTERNATIONAL PRICES,FAO Tea Composite Price,EXPORT,Kg,bd2b475e-9344-4e98-9457-443dcce5b223,1.67
1992-11-01,Tea,INTERNATIONAL PRICES,FAO Tea Composite Price,EXPORT,Kg,bd2b475e-9344-4e98-9457-443dcce5b223,1.63
1992-12-01,Tea,INTERNATIONAL PRICES,FAO Tea Composite Price,EXPORT,Kg,bd2b475e-9344-4e98-9457-443dcce5b223,1.6
1993-01-01,Tea,INTERNATIONAL PRICES,FAO Tea Composite Price,EXPORT,Kg,bd2b475e-9344-4e98-9457-443dcce5b223,1.7
1993-02-01,Tea,INTERNATIONAL PRICES,FAO Tea Composite Price,EXPORT,Kg,bd2b475e-9344-4e98-9457-443dcce5b223,1.75
1993-03-01,Tea,INTERNATIONAL PRICES,FAO Tea Composite Price,EXPORT,Kg,bd2b475e-9344-4e98-9457-443dcce5b223,1.56
1993-04-01,Tea,INTERNATIONAL PRICES,FAO Tea Composite Price,EXPORT,Kg,bd2b475e-9344-4e98-9457-443dcce5b223,1.5
1993-05-01,Tea,INTERNATIONAL PRICES,FAO Tea Composite Price,EXPORT,Kg,bd2b475e-9344-4e98-9457-443dcce5b223,1.43
1993-06-01,Tea,INTERNATIONAL PRICES,FAO Tea Composite Price,EXPORT,Kg,bd2b475e-9344-4e98-9457-443dcce5b223,1.47
1993-07-01,Tea,INTERNATIONAL PRICES,FAO Tea Composite Price,EXPORT,Kg,bd2b475e-9344-4e98-9457-443dcce5b223,1.5
1993-08-01,Tea,INTERNATIONAL PRICES,FAO Tea Composite Price,EXPORT,Kg,bd2b475e-9344-4e98-9457-443dcce5b223,1.52
1993-09-01,Tea,INTERNATIONAL PRICES,FAO Tea Composite Price,EXPORT,Kg,bd2b475e-9344-4e98-9457-443dcce5b223,1.53
1993-10-01,Tea,INTERNATIONAL PRICES,FAO Tea Composite Price,EXPORT,Kg,bd2b475e-9344-4e98-9457-443dcce5b223,1.52
1993-11-01,Tea,INTERNATIONAL PRICES,FAO Tea Composite Price,EXPORT,Kg,bd2b475e-9344-4e98-9457-443dcce5b223,1.5
1993-12-01,Tea,INTERNATIONAL PRICES,FAO Tea Composite Price,EXPORT,Kg,bd2b475e-9344-4e98-9457-443dcce5b223,1.53
1994-01-01,Tea,INTERNATIONAL PRICES,FAO Tea Composite Price,EXPORT,Kg,bd2b475e-9344-4e98-9457-443dcce5b223,1.52
1994-02-01,Tea,INTERNATIONAL PRICES,FAO Tea Composite Price,EXPORT,Kg,bd2b475e-9344-4e98-9457-443dcce5b223,1.51
1994-03-01,Tea,INTERNATIONAL PRICES,FAO Tea Composite Price,EXPORT,Kg,bd2b475e-9344-4e98-9457-443dcce5b223,1.41
1994-04-01,Tea,INTERNATIONAL PRICES,FAO Tea Composite Price,EXPORT,Kg,bd2b475e-9344-4e98-9457-443dcce5b223,1.34
1994-05-01,Tea,INTERNATIONAL PRICES,FAO Tea Composite Price,EXPORT,Kg,bd2b475e-9344-4e98-9457-443dcce5b223,1.36
1994-06-01,Tea,INTERNATIONAL PRICES,FAO Tea Composite Price,EXPORT,Kg,bd2b475e-9344-4e98-9457-443dcce5b223,1.33
1994-07-01,Tea,INTERNATIONAL PRICES,FAO Tea Composite Price,EXPORT,Kg,bd2b475e-9344-4e98-9457-443dcce5b223,1.37
1994-08-01,Tea,INTERNATIONAL PRICES,FAO Tea Composite Price,EXPORT,Kg,bd2b475e-9344-4e98-9457-443dcce5b223,1.45
1994-09-01,Tea,INTERNATIONAL PRICES,FAO Tea Composite Price,EXPORT,Kg,bd2b475e-9344-4e98-9457-443dcce5b223,1.47
1994-10-01,Tea,INTERNATIONAL PRICES,FAO Tea Composite Price,EXPORT,Kg,bd2b475e-9344-4e98-9457-443dcce5b223,1.47
1994-11-01,Tea,INTERNATIONAL PRICES,FAO Tea Composite Price,EXPORT,Kg,bd2b475e-9344-4e98-9457-443dcce5b223,1.38
1994-12-01,Tea,INTERNATIONAL PRICES,FAO Tea Composite Price,EXPORT,Kg,bd2b475e-9344-4e98-9457-443dcce5b223,1.4
1995-01-01,Tea,INTERNATIONAL PRICES,FAO Tea Composite Price,EXPORT,Kg,bd2b475e-9344-4e98-9457-443dcce5b223,1.42
1995-02-01,Tea,INTERNATIONAL PRICES,FAO Tea Composite Price,EXPORT,Kg,bd2b475e-9344-4e98-9457-443dcce5b223,1.38
1995-03-01,Tea,INTERNATIONAL PRICES,FAO Tea Composite Price,EXPORT,Kg,bd2b475e-9344-4e98-9457-443dcce5b223,1.34
1995-04-01,Tea,INTERNATIONAL PRICES,FAO Tea Composite Price,EXPORT,Kg,bd2b475e-9344-4e98-9457-443dcce5b223,1.36
1995-05-01,Tea,INTERNATIONAL PRICES,FAO Tea Composite Price,EXPORT,Kg,bd2b475e-9344-4e98-9457-443dcce5b223,1.35
1995-06-01,Tea,INTERNATIONAL PRICES,FAO Tea Composite Price,EXPORT,Kg,bd2b475e-9344-4e98-9457-443dcce5b223,1.32
1995-07-01,Tea,INTERNATIONAL PRICES,FAO Tea Composite Price,EXPORT,Kg,bd2b475e-9344-4e98-9457-443dcce5b223,1.42
1995-08-01,Tea,INTERNATIONAL PRICES,FAO Tea Composite Price,EXPORT,Kg,bd2b475e-9344-4e98-9457-443dcce5b223,1.41
1995-09-01,Tea,INTERNATIONAL PRICES,FAO Tea Composite Price,EXPORT,Kg,bd2b475e-9344-4e98-9457-443dcce5b223,1.53
1995-10-01,Tea,INTERNATIONAL PRICES,FAO Tea Composite Price,EXPORT,Kg,bd2b475e-9344-4e98-9457-443dcce5b223,1.53
1995-11-01,Tea,INTERNATIONAL PRICES,FAO Tea Composite Price,EXPORT,Kg,bd2b475e-9344-4e98-9457-443dcce5b223,1.58
1995-12-01,Tea,INTERNATIONAL PRICES,FAO Tea Composite Price,EXPORT,Kg,bd2b475e-9344-4e98-9457-443dcce5b223,1.46
1996-01-01,Tea,INTERNATIONAL PRICES,FAO Tea Composite Price,EXPORT,Kg,bd2b475e-9344-4e98-9457-443dcce5b223,1.54
1996-02-01,Tea,INTERNATIONAL PRICES,FAO Tea Composite Price,EXPORT,Kg,bd2b475e-9344-4e98-9457-443dcce5b223,1.55
1996-03-01,Tea,INTERNATIONAL PRICES,FAO Tea Composite Price,EXPORT,Kg,bd2b475e-9344-4e98-9457-443dcce5b223,1.64
1996-04-01,Tea,INTERNATIONAL PRICES,FAO Tea Composite Price,EXPORT,Kg,bd2b475e-9344-4e98-9457-443dcce5b223,1.68
1996-05-01,Tea,INTERNATIONAL PRICES,FAO Tea Composite Price,EXPORT,Kg,bd2b475e-9344-4e98-9457-443dcce5b223,1.62
1996-06-01,Tea,INTERNATIONAL PRICES,FAO Tea Composite Price,EXPORT,Kg,bd2b475e-9344-4e98-9457-443dcce5b223,1.59
1996-07-01,Tea,INTERNATIONAL PRICES,FAO Tea Composite Price,EXPORT,Kg,bd2b475e-9344-4e98-9457-443dcce5b223,1.68
1996-08-01,Tea,INTERNATIONAL PRICES,FAO Tea Composite Price,EXPORT,Kg,bd2b475e-9344-4e98-9457-443dcce5b223,1.7
1996-09-01,Tea,INTERNATIONAL PRICES,FAO Tea Composite Price,EXPORT,Kg,bd2b475e-9344-4e98-9457-443dcce5b223,1.71
1996-10-01,Tea,INTERNATIONAL PRICES,FAO Tea Composite Price,EXPORT,Kg,bd2b475e-9344-4e98-9457-443dcce5b223,1.8
1996-11-01,Tea,INTERNATIONAL PRICES,FAO Tea Composite Price,EXPORT,Kg,bd2b475e-9344-4e98-9457-443dcce5b223,1.61
1996-12-01,Tea,INTERNATIONAL PRICES,FAO Tea Composite Price,EXPORT,Kg,bd2b475e-9344-4e98-9457-443dcce5b223,1.57
1997-01-01,Tea,INTERNATIONAL PRICES,FAO Tea Composite Price,EXPORT,Kg,bd2b475e-9344-4e98-9457-443dcce5b223,1.65
1997-02-01,Tea,INTERNATIONAL PRICES,FAO Tea Composite Price,EXPORT,Kg,bd2b475e-9344-4e98-9457-443dcce5b223,1.68
1997-03-01,Tea,INTERNATIONAL PRICES,FAO Tea Composite Price,EXPORT,Kg,bd2b475e-9344-4e98-9457-443dcce5b223,1.72
1997-04-01,Tea,INTERNATIONAL PRICES,FAO Tea Composite Price,EXPORT,Kg,bd2b475e-9344-4e98-9457-443dcce5b223,1.87
1997-05-01,Tea,INTERNATIONAL PRICES,FAO Tea Composite Price,EXPORT,Kg,bd2b475e-9344-4e98-9457-443dcce5b223,1.95
1997-06-01,Tea,INTERNATIONAL PRICES,FAO Tea Composite Price,EXPORT,Kg,bd2b475e-9344-4e98-9457-443dcce5b223,1.96
1997-07-01,Tea,INTERNATIONAL PRICES,FAO Tea Composite Price,EXPORT,Kg,bd2b475e-9344-4e98-9457-443dcce5b223,1.97
1997-08-01,Tea,INTERNATIONAL PRICES,FAO Tea Composite Price,EXPORT,Kg,bd2b475e-9344-4e98-9457-443dcce5b223,2.15
1997-09-01,Tea,INTERNATIONAL PRICES,FAO Tea Composite Price,EXPORT,Kg,bd2b475e-9344-4e98-9457-443dcce5b223,2.16
1997-10-01,Tea,INTERNATIONAL PRICES,FAO Tea Composite Price,EXPORT,Kg,bd2b475e-9344-4e98-9457-443dcce5b223,2.21
1997-11-01,Tea,INTERNATIONAL PRICES,FAO Tea Composite Price,EXPORT,Kg,bd2b475e-9344-4e98-9457-443dcce5b223,2.27
1997-12-01,Tea,INTERNATIONAL PRICES,FAO Tea Composite Price,EXPORT,Kg,bd2b475e-9344-4e98-9457-443dcce5b223,2.32
1998-01-01,Tea,INTERNATIONAL PRICES,FAO Tea Composite Price,EXPORT,Kg,bd2b475e-9344-4e98-9457-443dcce5b223,2.45
1998-02-01,Tea,INTERNATIONAL PRICES,FAO Tea Composite Price,EXPORT,Kg,bd2b475e-9344-4e98-9457-443dcce5b223,2.56
1998-03-01,Tea,INTERNATIONAL PRICES,FAO Tea Composite Price,EXPORT,Kg,bd2b475e-9344-4e98-9457-443dcce5b223,2.29
1998-04-01,Tea,INTERNATIONAL PRICES,FAO Tea Composite Price,EXPORT,Kg,bd2b475e-9344-4e98-9457-443dcce5b223,2.16
1998-05-01,Tea,INTERNATIONAL PRICES,FAO Tea Composite Price,EXPORT,Kg,bd2b475e-9344-4e98-9457-443dcce5b223,1.94
1998-06-01,Tea,INTERNATIONAL PRICES,FAO Tea Composite Price,EXPORT,Kg,bd2b475e-9344-4e98-9457-443dcce5b223,1.88
1998-07-01,Tea,INTERNATIONAL PRICES,FAO Tea Composite Price,EXPORT,Kg,bd2b475e-9344-4e98-9457-443dcce5b223,1.9
1998-08-01,Tea,INTERNATIONAL PRICES,FAO Tea Composite Price,EXPORT,Kg,bd2b475e-9344-4e98-9457-443dcce5b223,1.94
1998-09-01,Tea,INTERNATIONAL PRICES,FAO Tea Composite Price,EXPORT,Kg,bd2b475e-9344-4e98-9457-443dcce5b223,1.86
1998-10-01,Tea,INTERNATIONAL PRICES,FAO Tea Composite Price,EXPORT,Kg,bd2b475e-9344-4e98-9457-443dcce5b223,1.81
1998-11-01,Tea,INTERNATIONAL PRICES,FAO Tea Composite Price,EXPORT,Kg,bd2b475e-9344-4e98-9457-443dcce5b223,1.77
1998-12-01,Tea,INTERNATIONAL PRICES,FAO Tea Composite Price,EXPORT,Kg,bd2b475e-9344-4e98-9457-443dcce5b223,1.71
1999-01-01,Tea,INTERNATIONAL PRICES,FAO Tea Composite Price,EXPORT,Kg,bd2b475e-9344-4e98-9457-443dcce5b223,1.76
1999-02-01,Tea,INTERNATIONAL PRICES,FAO Tea Composite Price,EXPORT,Kg,bd2b475e-9344-4e98-9457-443dcce5b223,1.65
1999-03-01,Tea,INTERNATIONAL PRICES,FAO Tea Composite Price,EXPORT,Kg,bd2b475e-9344-4e98-9457-443dcce5b223,1.62
1999-04-01,Tea,INTERNATIONAL PRICES,FAO Tea Composite Price,EXPORT,Kg,bd2b475e-9344-4e98-9457-443dcce5b223,1.6
1999-05-01,Tea,INTERNATIONAL PRICES,FAO Tea Composite Price,EXPORT,Kg,bd2b475e-9344-4e98-9457-443dcce5b223,1.63
1999-06-01,Tea,INTERNATIONAL PRICES,FAO Tea Composite Price,EXPORT,Kg,bd2b475e-9344-4e98-9457-443dcce5b223,1.6
1999-07-01,Tea,INTERNATIONAL PRICES,FAO Tea Composite Price,EXPORT,Kg,bd2b475e-9344-4e98-9457-443dcce5b223,1.75
1999-08-01,Tea,INTERNATIONAL PRICES,FAO Tea Composite Price,EXPORT,Kg,bd2b475e-9344-4e98-9457-443dcce5b223,1.78
1999-09-01,Tea,INTERNATIONAL PRICES,FAO Tea Composite Price,EXPORT,Kg,bd2b475e-9344-4e98-9457-443dcce5b223,1.89
1999-10-01,Tea,INTERNATIONAL PRICES,FAO Tea Composite Price,EXPORT,Kg,bd2b475e-9344-4e98-9457-443dcce5b223,1.95
1999-11-01,Tea,INTERNATIONAL PRICES,FAO Tea Composite Price,EXPORT,Kg,bd2b475e-9344-4e98-9457-443dcce5b223,1.9
1999-12-01,Tea,INTERNATIONAL PRICES,FAO Tea Composite Price,EXPORT,Kg,bd2b475e-9344-4e98-9457-443dcce5b223,1.8
2000-01-01,Tea,INTERNATIONAL PRICES,FAO Tea Composite Price,EXPORT,Kg,bd2b475e-9344-4e98-9457-443dcce5b223,1.84
2000-02-01,Tea,INTERNATIONAL PRICES,FAO Tea Composite Price,EXPORT,Kg,bd2b475e-9344-4e98-9457-443dcce5b223,1.85
2000-03-01,Tea,INTERNATIONAL PRICES,FAO Tea Composite Price,EXPORT,Kg,bd2b475e-9344-4e98-9457-443dcce5b223,1.79
2000-04-01,Tea,INTERNATIONAL PRICES,FAO Tea Composite Price,EXPORT,Kg,bd2b475e-9344-4e98-9457-443dcce5b223,1.79
2000-05-01,Tea,INTERNATIONAL PRICES,FAO Tea Composite Price,EXPORT,Kg,bd2b475e-9344-4e98-9457-443dcce5b223,1.76
2000-06-01,Tea,INTERNATIONAL PRICES,FAO Tea Composite Price,EXPORT,Kg,bd2b475e-9344-4e98-9457-443dcce5b223,1.71
2000-07-01,Tea,INTERNATIONAL PRICES,FAO Tea Composite Price,EXPORT,Kg,bd2b475e-9344-4e98-9457-443dcce5b223,1.88
2000-08-01,Tea,INTERNATIONAL PRICES,FAO Tea Composite Price,EXPORT,Kg,bd2b475e-9344-4e98-9457-443dcce5b223,1.78
2000-09-01,Tea,INTERNATIONAL PRICES,FAO Tea Composite Price,EXPORT,Kg,bd2b475e-9344-4e98-9457-443dcce5b223,1.88
2000-10-01,Tea,INTERNATIONAL PRICES,FAO Tea Composite Price,EXPORT,Kg,bd2b475e-9344-4e98-9457-443dcce5b223,1.81
2000-11-01,Tea,INTERNATIONAL PRICES,FAO Tea Composite Price,EXPORT,Kg,bd2b475e-9344-4e98-9457-443dcce5b223,1.76
2000-12-01,Tea,INTERNATIONAL PRICES,FAO Tea Composite Price,EXPORT,Kg,bd2b475e-9344-4e98-9457-443dcce5b223,1.71
2001-01-01,Tea,INTERNATIONAL PRICES,FAO Tea Composite Price,EXPORT,Kg,bd2b475e-9344-4e98-9457-443dcce5b223,1.82
2001-02-01,Tea,INTERNATIONAL PRICES,FAO Tea Composite Price,EXPORT,Kg,bd2b475e-9344-4e98-9457-443dcce5b223,1.72
2001-03-01,Tea,INTERNATIONAL PRICES,FAO Tea Composite Price,EXPORT,Kg,bd2b475e-9344-4e98-9457-443dcce5b223,1.64
2001-04-01,Tea,INTERNATIONAL PRICES,FAO Tea Composite Price,EXPORT,Kg,bd2b475e-9344-4e98-9457-443dcce5b223,1.55
2001-05-01,Tea,INTERNATIONAL PRICES,FAO Tea Composite Price,EXPORT,Kg,bd2b475e-9344-4e98-9457-443dcce5b223,1.49
2001-06-01,Tea,INTERNATIONAL PRICES,FAO Tea Composite Price,EXPORT,Kg,bd2b475e-9344-4e98-9457-443dcce5b223,1.46
2001-07-01,Tea,INTERNATIONAL PRICES,FAO Tea Composite Price,EXPORT,Kg,bd2b475e-9344-4e98-9457-443dcce5b223,1.55
2001-08-01,Tea,INTERNATIONAL PRICES,FAO Tea Composite Price,EXPORT,Kg,bd2b475e-9344-4e98-9457-443dcce5b223,1.54
2001-09-01,Tea,INTERNATIONAL PRICES,FAO Tea Composite Price,EXPORT,Kg,bd2b475e-9344-4e98-9457-443dcce5b223,1.51
2001-10-01,Tea,INTERNATIONAL PRICES,FAO Tea Composite Price,EXPORT,Kg,bd2b475e-9344-4e98-9457-443dcce5b223,1.45
2001-11-01,Tea,INTERNATIONAL PRICES,FAO Tea Composite Price,EXPORT,Kg,bd2b475e-9344-4e98-9457-443dcce5b223,1.5
2001-12-01,Tea,INTERNATIONAL PRICES,FAO Tea Composite Price,EXPORT,Kg,bd2b475e-9344-4e98-9457-443dcce5b223,1.48
2002-01-01,Tea,INTERNATIONAL PRICES,FAO Tea Composite Price,EXPORT,Kg,bd2b475e-9344-4e98-9457-443dcce5b223,1.48
2002-02-01,Tea,INTERNATIONAL PRICES,FAO Tea Composite Price,EXPORT,Kg,bd2b475e-9344-4e98-9457-443dcce5b223,1.49
2002-03-01,Tea,INTERNATIONAL PRICES,FAO Tea Composite Price,EXPORT,Kg,bd2b475e-9344-4e98-9457-443dcce5b223,1.52
2002-04-01,Tea,INTERNATIONAL PRICES,FAO Tea Composite Price,EXPORT,Kg,bd2b475e-9344-4e98-9457-443dcce5b223,1.46
2002-05-01,Tea,INTERNATIONAL PRICES,FAO Tea Composite Price,EXPORT,Kg,bd2b475e-9344-4e98-9457-443dcce5b223,1.43
2002-06-01,Tea,INTERNATIONAL PRICES,FAO Tea Composite Price,EXPORT,Kg,bd2b475e-9344-4e98-9457-443dcce5b223,1.44
2002-07-01,Tea,INTERNATIONAL PRICES,FAO Tea Composite Price,EXPORT,Kg,bd2b475e-9344-4e98-9457-443dcce5b223,1.44
2002-08-01,Tea,INTERNATIONAL PRICES,FAO Tea Composite Price,EXPORT,Kg,bd2b475e-9344-4e98-9457-443dcce5b223,1.48
2002-09-01,Tea,INTERNATIONAL PRICES,FAO Tea Composite Price,EXPORT,Kg,bd2b475e-9344-4e98-9457-443dcce5b223,1.53
2002-10-01,Tea,INTERNATIONAL PRICES,FAO Tea Composite Price,EXPORT,Kg,bd2b475e-9344-4e98-9457-443dcce5b223,1.54
2002-11-01,Tea,INTERNATIONAL PRICES,FAO Tea Composite Price,EXPORT,Kg,bd2b475e-9344-4e98-9457-443dcce5b223,1.5
2002-12-01,Tea,INTERNATIONAL PRICES,FAO Tea Composite Price,EXPORT,Kg,bd2b475e-9344-4e98-9457-443dcce5b223,1.46
2003-01-01,Tea,INTERNATIONAL PRICES,FAO Tea Composite Price,EXPORT,Kg,bd2b475e-9344-4e98-9457-443dcce5b223,1.59
2003-02-01,Tea,INTERNATIONAL PRICES,FAO Tea Composite Price,EXPORT,Kg,bd2b475e-9344-4e98-9457-443dcce5b223,1.48
2003-03-01,Tea,INTERNATIONAL PRICES,FAO Tea Composite Price,EXPORT,Kg,bd2b475e-9344-4e98-9457-443dcce5b223,1.47
2003-04-01,Tea,INTERNATIONAL PRICES,FAO Tea Composite Price,EXPORT,Kg,bd2b475e-9344-4e98-9457-443dcce5b223,1.45
2003-05-01,Tea,INTERNATIONAL PRICES,FAO Tea Composite Price,EXPORT,Kg,bd2b475e-9344-4e98-9457-443dcce5b223,1.44
2003-06-01,Tea,INTERNATIONAL PRICES,FAO Tea Composite Price,EXPORT,Kg,bd2b475e-9344-4e98-9457-443dcce5b223,1.45
2003-07-01,Tea,INTERNATIONAL PRICES,FAO Tea Composite Price,EXPORT,Kg,bd2b475e-9344-4e98-9457-443dcce5b223,1.58
2003-08-01,Tea,INTERNATIONAL PRICES,FAO Tea Composite Price,EXPORT,Kg,bd2b475e-9344-4e98-9457-443dcce5b223,1.49
2003-09-01,Tea,INTERNATIONAL PRICES,FAO Tea Composite Price,EXPORT,Kg,bd2b475e-9344-4e98-9457-443dcce5b223,1.51
2003-10-01,Tea,INTERNATIONAL PRICES,FAO Tea Composite Price,EXPORT,Kg,bd2b475e-9344-4e98-9457-443dcce5b223,1.57
2003-11-01,Tea,INTERNATIONAL PRICES,FAO Tea Composite Price,EXPORT,Kg,bd2b475e-9344-4e98-9457-443dcce5b223,1.52
2003-12-01,Tea,INTERNATIONAL PRICES,FAO Tea Composite Price,EXPORT,Kg,bd2b475e-9344-4e98-9457-443dcce5b223,1.53
2004-01-01,Tea,INTERNATIONAL PRICES,FAO Tea Composite Price,EXPORT,Kg,bd2b475e-9344-4e98-9457-443dcce5b223,1.56
2004-02-01,Tea,INTERNATIONAL PRICES,FAO Tea Composite Price,EXPORT,Kg,bd2b475e-9344-4e98-9457-443dcce5b223,1.61
2004-03-01,Tea,INTERNATIONAL PRICES,FAO Tea Composite Price,EXPORT,Kg,bd2b475e-9344-4e98-9457-443dcce5b223,1.64
2004-04-01,Tea,INTERNATIONAL PRICES,FAO Tea Composite Price,EXPORT,Kg,bd2b475e-9344-4e98-9457-443dcce5b223,1.65
2004-05-01,Tea,INTERNATIONAL PRICES,FAO Tea Composite Price,EXPORT,Kg,bd2b475e-9344-4e98-9457-443dcce5b223,1.61
2004-06-01,Tea,INTERNATIONAL PRICES,FAO Tea Composite Price,EXPORT,Kg,bd2b475e-9344-4e98-9457-443dcce5b223,1.56
2004-07-01,Tea,INTERNATIONAL PRICES,FAO Tea Composite Price,EXPORT,Kg,bd2b475e-9344-4e98-9457-443dcce5b223,1.64
2004-08-01,Tea,INTERNATIONAL PRICES,FAO Tea Composite Price,EXPORT,Kg,bd2b475e-9344-4e98-9457-443dcce5b223,1.64
2004-09-01,Tea,INTERNATIONAL PRICES,FAO Tea Composite Price,EXPORT,Kg,bd2b475e-9344-4e98-9457-443dcce5b223,1.77
2004-10-01,Tea,INTERNATIONAL PRICES,FAO Tea Composite Price,EXPORT,Kg,bd2b475e-9344-4e98-9457-443dcce5b223,1.76
2004-11-01,Tea,INTERNATIONAL PRICES,FAO Tea Composite Price,EXPORT,Kg,bd2b475e-9344-4e98-9457-443dcce5b223,1.74
2004-12-01,Tea,INTERNATIONAL PRICES,FAO Tea Composite Price,EXPORT,Kg,bd2b475e-9344-4e98-9457-443dcce5b223,1.73
2005-01-01,Tea,INTERNATIONAL PRICES,FAO Tea Composite Price,EXPORT,Kg,bd2b475e-9344-4e98-9457-443dcce5b223,1.63
2005-02-01,Tea,INTERNATIONAL PRICES,FAO Tea Composite Price,EXPORT,Kg,bd2b475e-9344-4e98-9457-443dcce5b223,1.59
2005-03-01,Tea,INTERNATIONAL PRICES,FAO Tea Composite Price,EXPORT,Kg,bd2b475e-9344-4e98-9457-443dcce5b223,1.72
2005-04-01,Tea,INTERNATIONAL PRICES,FAO Tea Composite Price,EXPORT,Kg,bd2b475e-9344-4e98-9457-443dcce5b223,1.64
2005-05-01,Tea,INTERNATIONAL PRICES,FAO Tea Composite Price,EXPORT,Kg,bd2b475e-9344-4e98-9457-443dcce5b223,1.58
2005-06-01,Tea,INTERNATIONAL PRICES,FAO Tea Composite Price,EXPORT,Kg,bd2b475e-9344-4e98-9457-443dcce5b223,1.57
2005-07-01,Tea,INTERNATIONAL PRICES,FAO Tea Composite Price,EXPORT,Kg,bd2b475e-9344-4e98-9457-443dcce5b223,1.62
2005-08-01,Tea,INTERNATIONAL PRICES,FAO Tea Composite Price,EXPORT,Kg,bd2b475e-9344-4e98-9457-443dcce5b223,1.65
2005-09-01,Tea,INTERNATIONAL PRICES,FAO Tea Composite Price,EXPORT,Kg,bd2b475e-9344-4e98-9457-443dcce5b223,1.67
2005-10-01,Tea,INTERNATIONAL PRICES,FAO Tea Composite Price,EXPORT,Kg,bd2b475e-9344-4e98-9457-443dcce5b223,1.67
2005-11-01,Tea,INTERNATIONAL PRICES,FAO Tea Composite Price,EXPORT,Kg,bd2b475e-9344-4e98-9457-443dcce5b223,1.64
2005-12-01,Tea,INTERNATIONAL PRICES,FAO Tea Composite Price,EXPORT,Kg,bd2b475e-9344-4e98-9457-443dcce5b223,1.66
2006-01-01,Tea,INTERNATIONAL PRICES,FAO Tea Composite Price,EXPORT,Kg,bd2b475e-9344-4e98-9457-443dcce5b223,1.68
2006-02-01,Tea,INTERNATIONAL PRICES,FAO Tea Composite Price,EXPORT,Kg,bd2b475e-9344-4e98-9457-443dcce5b223,1.89
2006-03-01,Tea,INTERNATIONAL PRICES,FAO Tea Composite Price,EXPORT,Kg,bd2b475e-9344-4e98-9457-443dcce5b223,1.84
2006-04-01,Tea,INTERNATIONAL PRICES,FAO Tea Composite Price,EXPORT,Kg,bd2b475e-9344-4e98-9457-443dcce5b223,1.85
2006-05-01,Tea,INTERNATIONAL PRICES,FAO Tea Composite Price,EXPORT,Kg,bd2b475e-9344-4e98-9457-443dcce5b223,1.85
2006-06-01,Tea,INTERNATIONAL PRICES,FAO Tea Composite Price,EXPORT,Kg,bd2b475e-9344-4e98-9457-443dcce5b223,1.9
2006-07-01,Tea,INTERNATIONAL PRICES,FAO Tea Composite Price,EXPORT,Kg,bd2b475e-9344-4e98-9457-443dcce5b223,1.92
2006-08-01,Tea,INTERNATIONAL PRICES,FAO Tea Composite Price,EXPORT,Kg,bd2b475e-9344-4e98-9457-443dcce5b223,1.88
2006-09-01,Tea,INTERNATIONAL PRICES,FAO Tea Composite Price,EXPORT,Kg,bd2b475e-9344-4e98-9457-443dcce5b223,1.87
2006-10-01,Tea,INTERNATIONAL PRICES,FAO Tea Composite Price,EXPORT,Kg,bd2b475e-9344-4e98-9457-443dcce5b223,1.8
2006-11-01,Tea,INTERNATIONAL PRICES,FAO Tea Composite Price,EXPORT,Kg,bd2b475e-9344-4e98-9457-443dcce5b223,1.74
2006-12-01,Tea,INTERNATIONAL PRICES,FAO Tea Composite Price,EXPORT,Kg,bd2b475e-9344-4e98-9457-443dcce5b223,1.77
2007-01-01,Tea,INTERNATIONAL PRICES,FAO Tea Composite Price,EXPORT,Kg,bd2b475e-9344-4e98-9457-443dcce5b223,1.78
2007-02-01,Tea,INTERNATIONAL PRICES,FAO Tea Composite Price,EXPORT,Kg,bd2b475e-9344-4e98-9457-443dcce5b223,1.78
2007-03-01,Tea,INTERNATIONAL PRICES,FAO Tea Composite Price,EXPORT,Kg,bd2b475e-9344-4e98-9457-443dcce5b223,1.85
2007-04-01,Tea,INTERNATIONAL PRICES,FAO Tea Composite Price,EXPORT,Kg,bd2b475e-9344-4e98-9457-443dcce5b223,1.84
2007-05-01,Tea,INTERNATIONAL PRICES,FAO Tea Composite Price,EXPORT,Kg,bd2b475e-9344-4e98-9457-443dcce5b223,1.81
2007-06-01,Tea,INTERNATIONAL PRICES,FAO Tea Composite Price,EXPORT,Kg,bd2b475e-9344-4e98-9457-443dcce5b223,1.88
2007-07-01,Tea,INTERNATIONAL PRICES,FAO Tea Composite Price,EXPORT,Kg,bd2b475e-9344-4e98-9457-443dcce5b223,1.91
2007-08-01,Tea,INTERNATIONAL PRICES,FAO Tea Composite Price,EXPORT,Kg,bd2b475e-9344-4e98-9457-443dcce5b223,2.01
2007-09-01,Tea,INTERNATIONAL PRICES,FAO Tea Composite Price,EXPORT,Kg,bd2b475e-9344-4e98-9457-443dcce5b223,2.11
2007-10-01,Tea,INTERNATIONAL PRICES,FAO Tea Composite Price,EXPORT,Kg,bd2b475e-9344-4e98-9457-443dcce5b223,2.15
2007-11-01,Tea,INTERNATIONAL PRICES,FAO Tea Composite Price,EXPORT,Kg,bd2b475e-9344-4e98-9457-443dcce5b223,2.1
2007-12-01,Tea,INTERNATIONAL PRICES,FAO Tea Composite Price,EXPORT,Kg,bd2b475e-9344-4e98-9457-443dcce5b223,2.17
2008-01-01,Tea,INTERNATIONAL PRICES,FAO Tea Composite Price,EXPORT,Kg,bd2b475e-9344-4e98-9457-443dcce5b223,2.44
2008-02-01,Tea,INTERNATIONAL PRICES,FAO Tea Composite Price,EXPORT,Kg,bd2b475e-9344-4e98-9457-443dcce5b223,2.46
2008-03-01,Tea,INTERNATIONAL PRICES,FAO Tea Composite Price,EXPORT,Kg,bd2b475e-9344-4e98-9457-443dcce5b223,2.41
2008-04-01,Tea,INTERNATIONAL PRICES,FAO Tea Composite Price,EXPORT,Kg,bd2b475e-9344-4e98-9457-443dcce5b223,2.46
2008-05-01,Tea,INTERNATIONAL PRICES,FAO Tea Composite Price,EXPORT,Kg,bd2b475e-9344-4e98-9457-443dcce5b223,2.41
2008-06-01,Tea,INTERNATIONAL PRICES,FAO Tea Composite Price,EXPORT,Kg,bd2b475e-9344-4e98-9457-443dcce5b223,2.58
2008-07-01,Tea,INTERNATIONAL PRICES,FAO Tea Composite Price,EXPORT,Kg,bd2b475e-9344-4e98-9457-443dcce5b223,2.64
2008-08-01,Tea,INTERNATIONAL PRICES,FAO Tea Composite Price,EXPORT,Kg,bd2b475e-9344-4e98-9457-443dcce5b223,2.65
2008-09-01,Tea,INTERNATIONAL PRICES,FAO Tea Composite Price,EXPORT,Kg,bd2b475e-9344-4e98-9457-443dcce5b223,2.65
2008-10-01,Tea,INTERNATIONAL PRICES,FAO Tea Composite Price,EXPORT,Kg,bd2b475e-9344-4e98-9457-443dcce5b223,2.25
2008-11-01,Tea,INTERNATIONAL PRICES,FAO Tea Composite Price,EXPORT,Kg,bd2b475e-9344-4e98-9457-443dcce5b223,1.91
2008-12-01,Tea,INTERNATIONAL PRICES,FAO Tea Composite Price,EXPORT,Kg,bd2b475e-9344-4e98-9457-443dcce5b223,1.85
2009-01-01,Tea,INTERNATIONAL PRICES,FAO Tea Composite Price,EXPORT,Kg,bd2b475e-9344-4e98-9457-443dcce5b223,2.19
2009-02-01,Tea,INTERNATIONAL PRICES,FAO Tea Composite Price,EXPORT,Kg,bd2b475e-9344-4e98-9457-443dcce5b223,2.15
2009-03-01,Tea,INTERNATIONAL PRICES,FAO Tea Composite Price,EXPORT,Kg,bd2b475e-9344-4e98-9457-443dcce5b223,2.29
2009-04-01,Tea,INTERNATIONAL PRICES,FAO Tea Composite Price,EXPORT,Kg,bd2b475e-9344-4e98-9457-443dcce5b223,2.42
2009-05-01,Tea,INTERNATIONAL PRICES,FAO Tea Composite Price,EXPORT,Kg,bd2b475e-9344-4e98-9457-443dcce5b223,2.6
2009-06-01,Tea,INTERNATIONAL PRICES,FAO Tea Composite Price,EXPORT,Kg,bd2b475e-9344-4e98-9457-443dcce5b223,2.71
2009-07-01,Tea,INTERNATIONAL PRICES,FAO Tea Composite Price,EXPORT,Kg,bd2b475e-9344-4e98-9457-443dcce5b223,2.92
2009-08-01,Tea,INTERNATIONAL PRICES,FAO Tea Composite Price,EXPORT,Kg,bd2b475e-9344-4e98-9457-443dcce5b223,2.97
2009-09-01,Tea,INTERNATIONAL PRICES,FAO Tea Composite Price,EXPORT,Kg,bd2b475e-9344-4e98-9457-443dcce5b223,3.18
2009-10-01,Tea,INTERNATIONAL PRICES,FAO Tea Composite Price,EXPORT,Kg,bd2b475e-9344-4e98-9457-443dcce5b223,2.96
2009-11-01,Tea,INTERNATIONAL PRICES,FAO Tea Composite Price,EXPORT,Kg,bd2b475e-9344-4e98-9457-443dcce5b223,3.0
2009-12-01,Tea,INTERNATIONAL PRICES,FAO Tea Composite Price,EXPORT,Kg,bd2b475e-9344-4e98-9457-443dcce5b223,2.89
2010-01-01,Tea,INTERNATIONAL PRICES,FAO Tea Composite Price,EXPORT,Kg,bd2b475e-9344-4e98-9457-443dcce5b223,2.93
2010-02-01,Tea,INTERNATIONAL PRICES,FAO Tea Composite Price,EXPORT,Kg,bd2b475e-9344-4e98-9457-443dcce5b223,2.87
2010-03-01,Tea,INTERNATIONAL PRICES,FAO Tea Composite Price,EXPORT,Kg,bd2b475e-9344-4e98-9457-443dcce5b223,2.83
2010-04-01,Tea,INTERNATIONAL PRICES,FAO Tea Composite Price,EXPORT,Kg,bd2b475e-9344-4e98-9457-443dcce5b223,2.73
2010-05-01,Tea,INTERNATIONAL PRICES,FAO Tea Composite Price,EXPORT,Kg,bd2b475e-9344-4e98-9457-443dcce5b223,2.62
2010-06-01,Tea,INTERNATIONAL PRICES,FAO Tea Composite Price,EXPORT,Kg,bd2b475e-9344-4e98-9457-443dcce5b223,2.57
2010-07-01,Tea,INTERNATIONAL PRICES,FAO Tea Composite Price,EXPORT,Kg,bd2b475e-9344-4e98-9457-443dcce5b223,2.61
2010-08-01,Tea,INTERNATIONAL PRICES,FAO Tea Composite Price,EXPORT,Kg,bd2b475e-9344-4e98-9457-443dcce5b223,2.89
2010-09-01,Tea,INTERNATIONAL PRICES,FAO Tea Composite Price,EXPORT,Kg,bd2b475e-9344-4e98-9457-443dcce5b223,2.92
2010-10-01,Tea,INTERNATIONAL PRICES,FAO Tea Composite Price,EXPORT,Kg,bd2b475e-9344-4e98-9457-443dcce5b223,2.94
2010-11-01,Tea,INTERNATIONAL PRICES,FAO Tea Composite Price,EXPORT,Kg,bd2b475e-9344-4e98-9457-443dcce5b223,2.9
2010-12-01,Tea,INTERNATIONAL PRICES,FAO Tea Composite Price,EXPORT,Kg,bd2b475e-9344-4e98-9457-443dcce5b223,2.95
2011-01-01,Tea,INTERNATIONAL PRICES,FAO Tea Composite Price,EXPORT,Kg,bd2b475e-9344-4e98-9457-443dcce5b223,2.98
2011-02-01,Tea,INTERNATIONAL PRICES,FAO Tea Composite Price,EXPORT,Kg,bd2b475e-9344-4e98-9457-443dcce5b223,2.89
2011-03-01,Tea,INTERNATIONAL PRICES,FAO Tea Composite Price,EXPORT,Kg,bd2b475e-9344-4e98-9457-443dcce5b223,2.96
2011-04-01,Tea,INTERNATIONAL PRICES,FAO Tea Composite Price,EXPORT,Kg,bd2b475e-9344-4e98-9457-443dcce5b223,2.94
2011-05-01,Tea,INTERNATIONAL PRICES,FAO Tea Composite Price,EXPORT,Kg,bd2b475e-9344-4e98-9457-443dcce5b223,2.79
2011-06-01,Tea,INTERNATIONAL PRICES,FAO Tea Composite Price,EXPORT,Kg,bd2b475e-9344-4e98-9457-443dcce5b223,2.85
2011-07-01,Tea,INTERNATIONAL PRICES,FAO Tea Composite Price,EXPORT,Kg,bd2b475e-9344-4e98-9457-443dcce5b223,2.95
2011-08-01,Tea,INTERNATIONAL PRICES,FAO Tea Composite Price,EXPORT,Kg,bd2b475e-9344-4e98-9457-443dcce5b223,2.89
2011-09-01,Tea,INTERNATIONAL PRICES,FAO Tea Composite Price,EXPORT,Kg,bd2b475e-9344-4e98-9457-443dcce5b223,2.82
2011-10-01,Tea,INTERNATIONAL PRICES,FAO Tea Composite Price,EXPORT,Kg,bd2b475e-9344-4e98-9457-443dcce5b223,2.8
2011-11-01,Tea,INTERNATIONAL PRICES,FAO Tea Composite Price,EXPORT,Kg,bd2b475e-9344-4e98-9457-443dcce5b223,2.72
2011-12-01,Tea,INTERNATIONAL PRICES,FAO Tea Composite Price,EXPORT,Kg,bd2b475e-9344-4e98-9457-443dcce5b223,2.63
2012-01-01,Tea,INTERNATIONAL PRICES,FAO Tea Composite Price,EXPORT,Kg,bd2b475e-9344-4e98-9457-443dcce5b223,2.64
2012-02-01,Tea,INTERNATIONAL PRICES,FAO Tea Composite Price,EXPORT,Kg,bd2b475e-9344-4e98-9457-443dcce5b223,2.63
2012-03-01,Tea,INTERNATIONAL PRICES,FAO Tea Composite Price,EXPORT,Kg,bd2b475e-9344-4e98-9457-443dcce5b223,2.71
2012-04-01,Tea,INTERNATIONAL PRICES,FAO Tea Composite Price,EXPORT,Kg,bd2b475e-9344-4e98-9457-443dcce5b223,2.89
2012-05-01,Tea,INTERNATIONAL PRICES,FAO Tea Composite Price,EXPORT,Kg,bd2b475e-9344-4e98-9457-443dcce5b223,2.86
2012-06-01,Tea,INTERNATIONAL PRICES,FAO Tea Composite Price,EXPORT,Kg,bd2b475e-9344-4e98-9457-443dcce5b223,2.82
2012-07-01,Tea,INTERNATIONAL PRICES,FAO Tea Composite Price,EXPORT,Kg,bd2b475e-9344-4e98-9457-443dcce5b223,2.9
2012-08-01,Tea,INTERNATIONAL PRICES,FAO Tea Composite Price,EXPORT,Kg,bd2b475e-9344-4e98-9457-443dcce5b223,3.0
2012-09-01,Tea,INTERNATIONAL PRICES,FAO Tea Composite Price,EXPORT,Kg,bd2b475e-9344-4e98-9457-443dcce5b223,3.0
2012-10-01,Tea,INTERNATIONAL PRICES,FAO Tea Composite Price,EXPORT,Kg,bd2b475e-9344-4e98-9457-443dcce5b223,2.97
2012-11-01,Tea,INTERNATIONAL PRICES,FAO Tea Composite Price,EXPORT,Kg,bd2b475e-9344-4e98-9457-443dcce5b223,2.95
2012-12-01,Tea,INTERNATIONAL PRICES,FAO Tea Composite Price,EXPORT,Kg,bd2b475e-9344-4e98-9457-443dcce5b223,3.0
2013-01-01,Tea,INTERNATIONAL PRICES,FAO Tea Composite Price,EXPORT,Kg,bd2b475e-9344-4e98-9457-443dcce5b223,2.99
2013-02-01,Tea,INTERNATIONAL PRICES,FAO Tea Composite Price,EXPORT,Kg,bd2b475e-9344-4e98-9457-443dcce5b223,2.96
2013-03-01,Tea,INTERNATIONAL PRICES,FAO Tea Composite Price,EXPORT,Kg,bd2b475e-9344-4e98-9457-443dcce5b223,2.98
2013-04-01,Tea,INTERNATIONAL PRICES,FAO Tea Composite Price,EXPORT,Kg,bd2b475e-9344-4e98-9457-443dcce5b223,2.8
2013-05-01,Tea,INTERNATIONAL PRICES,FAO Tea Composite Price,EXPORT,Kg,bd2b475e-9344-4e98-9457-443dcce5b223,2.79
2013-06-01,Tea,INTERNATIONAL PRICES,FAO Tea Composite Price,EXPORT,Kg,bd2b475e-9344-4e98-9457-443dcce5b223,2.66
2013-07-01,Tea,INTERNATIONAL PRICES,FAO Tea Composite Price,EXPORT,Kg,bd2b475e-9344-4e98-9457-443dcce5b223,2.7
2013-08-01,Tea,INTERNATIONAL PRICES,FAO Tea Composite Price,EXPORT,Kg,bd2b475e-9344-4e98-9457-443dcce5b223,2.71
2013-09-01,Tea,INTERNATIONAL PRICES,FAO Tea Composite Price,EXPORT,Kg,bd2b475e-9344-4e98-9457-443dcce5b223,2.71
2013-10-01,Tea,INTERNATIONAL PRICES,FAO Tea Composite Price,EXPORT,Kg,bd2b475e-9344-4e98-9457-443dcce5b223,2.77
2013-11-01,Tea,INTERNATIONAL PRICES,FAO Tea Composite Price,EXPORT,Kg,bd2b475e-9344-4e98-9457-443dcce5b223,2.65
2013-12-01,Tea,INTERNATIONAL PRICES,FAO Tea Composite Price,EXPORT,Kg,bd2b475e-9344-4e98-9457-443dcce5b223,2.8
2014-01-01,Tea,INTERNATIONAL PRICES,FAO Tea Composite Price,EXPORT,Kg,bd2b475e-9344-4e98-9457-443dcce5b223,2.86
2014-02-01,Tea,INTERNATIONAL PRICES,FAO Tea Composite Price,EXPORT,Kg,bd2b475e-9344-4e98-9457-443dcce5b223,2.73
2014-03-01,Tea,INTERNATIONAL PRICES,FAO Tea Composite Price,EXPORT,Kg,bd2b475e-9344-4e98-9457-443dcce5b223,2.74
2014-04-01,Tea,INTERNATIONAL PRICES,FAO Tea Composite Price,EXPORT,Kg,bd2b475e-9344-4e98-9457-443dcce5b223,2.71
2014-05-01,Tea,INTERNATIONAL PRICES,FAO Tea Composite Price,EXPORT,Kg,bd2b475e-9344-4e98-9457-443dcce5b223,2.62
2014-06-01,Tea,INTERNATIONAL PRICES,FAO Tea Composite Price,EXPORT,Kg,bd2b475e-9344-4e98-9457-443dcce5b223,2.54
2014-07-01,Tea,INTERNATIONAL PRICES,FAO Tea Composite Price,EXPORT,Kg,bd2b475e-9344-4e98-9457-443dcce5b223,2.85
2014-08-01,Tea,INTERNATIONAL PRICES,FAO Tea Composite Price,EXPORT,Kg,bd2b475e-9344-4e98-9457-443dcce5b223,2.71
2014-09-01,Tea,INTERNATIONAL PRICES,FAO Tea Composite Price,EXPORT,Kg,bd2b475e-9344-4e98-9457-443dcce5b223,2.55
2014-10-01,Tea,INTERNATIONAL PRICES,FAO Tea Composite Price,EXPORT,Kg,bd2b475e-9344-4e98-9457-443dcce5b223,2.55
2014-11-01,Tea,INTERNATIONAL PRICES,FAO Tea Composite Price,EXPORT,Kg,bd2b475e-9344-4e98-9457-443dcce5b223,2.49
2014-12-01,Tea,INTERNATIONAL PRICES,FAO Tea Composite Price,EXPORT,Kg,bd2b475e-9344-4e98-9457-443dcce5b223,2.44
2015-01-01,Tea,INTERNATIONAL PRICES,FAO Tea Composite Price,EXPORT,Kg,bd2b475e-9344-4e98-9457-443dcce5b223,2.46
2015-02-01,Tea,INTERNATIONAL PRICES,FAO Tea Composite Price,EXPORT,Kg,bd2b475e-9344-4e98-9457-443dcce5b223,2.43
2015-03-01,Tea,INTERNATIONAL PRICES,FAO Tea Composite Price,EXPORT,Kg,bd2b475e-9344-4e98-9457-443dcce5b223,2.64
2015-04-01,Tea,INTERNATIONAL PRICES,FAO Tea Composite Price,EXPORT,Kg,bd2b475e-9344-4e98-9457-443dcce5b223,2.64
2015-05-01,Tea,INTERNATIONAL PRICES,FAO Tea Composite Price,EXPORT,Kg,bd2b475e-9344-4e98-9457-443dcce5b223,2.77
2015-06-01,Tea,INTERNATIONAL PRICES,FAO Tea Composite Price,EXPORT,Kg,bd2b475e-9344-4e98-9457-443dcce5b223,2.85
2015-07-01,Tea,INTERNATIONAL PRICES,FAO Tea Composite Price,EXPORT,Kg,bd2b475e-9344-4e98-9457-443dcce5b223,2.9
2015-08-01,Tea,INTERNATIONAL PRICES,FAO Tea Composite Price,EXPORT,Kg,bd2b475e-9344-4e98-9457-443dcce5b223,2.81
2015-09-01,Tea,INTERNATIONAL PRICES,FAO Tea Composite Price,EXPORT,Kg,bd2b475e-9344-4e98-9457-443dcce5b223,2.63
2015-10-01,Tea,INTERNATIONAL PRICES,FAO Tea Composite Price,EXPORT,Kg,bd2b475e-9344-4e98-9457-443dcce5b223,2.75
2015-11-01,Tea,INTERNATIONAL PRICES,FAO Tea Composite Price,EXPORT,Kg,bd2b475e-9344-4e98-9457-443dcce5b223,2.73
2015-12-01,Tea,INTERNATIONAL PRICES,FAO Tea Composite Price,EXPORT,Kg,bd2b475e-9344-4e98-9457-443dcce5b223,2.67
2016-01-01,Tea,INTERNATIONAL PRICES,FAO Tea Composite Price,EXPORT,Kg,bd2b475e-9344-4e98-9457-443dcce5b223,2.53
2016-02-01,Tea,INTERNATIONAL PRICES,FAO Tea Composite Price,EXPORT,Kg,bd2b475e-9344-4e98-9457-443dcce5b223,2.42
2016-03-01,Tea,INTERNATIONAL PRICES,FAO Tea Composite Price,EXPORT,Kg,bd2b475e-9344-4e98-9457-443dcce5b223,2.44
2016-04-01,Tea,INTERNATIONAL PRICES,FAO Tea Composite Price,EXPORT,Kg,bd2b475e-9344-4e98-9457-443dcce5b223,2.29
2016-05-01,Tea,INTERNATIONAL PRICES,FAO Tea Composite Price,EXPORT,Kg,bd2b475e-9344-4e98-9457-443dcce5b223,2.46
2016-06-01,Tea,INTERNATIONAL PRICES,FAO Tea Composite Price,EXPORT,Kg,bd2b475e-9344-4e98-9457-443dcce5b223,2.53
2016-07-01,Tea,INTERNATIONAL PRICES,FAO Tea Composite Price,EXPORT,Kg,bd2b475e-9344-4e98-9457-443dcce5b223,2.65
2016-08-01,Tea,INTERNATIONAL PRICES,FAO Tea Composite Price,EXPORT,Kg,bd2b475e-9344-4e98-9457-443dcce5b223,2.58
2016-09-01,Tea,INTERNATIONAL PRICES,FAO Tea Composite Price,EXPORT,Kg,bd2b475e-9344-4e98-9457-443dcce5b223,2.66
2016-10-01,Tea,INTERNATIONAL PRICES,FAO Tea Composite Price,EXPORT,Kg,bd2b475e-9344-4e98-9457-443dcce5b223,2.67
2016-11-01,Tea,INTERNATIONAL PRICES,FAO Tea Composite Price,EXPORT,Kg,bd2b475e-9344-4e98-9457-443dcce5b223,2.84
2016-12-01,Tea,INTERNATIONAL PRICES,FAO Tea Composite Price,EXPORT,Kg,bd2b475e-9344-4e98-9457-443dcce5b223,2.81
2017-01-01,Tea,INTERNATIONAL PRICES,FAO Tea Composite Price,EXPORT,Kg,bd2b475e-9344-4e98-9457-443dcce5b223,3.01
2017-02-01,Tea,INTERNATIONAL PRICES,FAO Tea Composite Price,EXPORT,Kg,bd2b475e-9344-4e98-9457-443dcce5b223,2.9
2017-03-01,Tea,INTERNATIONAL PRICES,FAO Tea Composite Price,EXPORT,Kg,bd2b475e-9344-4e98-9457-443dcce5b223,3.13
2017-04-01,Tea,INTERNATIONAL PRICES,FAO Tea Composite Price,EXPORT,Kg,bd2b475e-9344-4e98-9457-443dcce5b223,3.16
2017-05-01,Tea,INTERNATIONAL PRICES,FAO Tea Composite Price,EXPORT,Kg,bd2b475e-9344-4e98-9457-443dcce5b223,3.19
2017-06-01,Tea,INTERNATIONAL PRICES,FAO Tea Composite Price,EXPORT,Kg,bd2b475e-9344-4e98-9457-443dcce5b223,3.17
2017-07-01,Tea,INTERNATIONAL PRICES,FAO Tea Composite Price,EXPORT,Kg,bd2b475e-9344-4e98-9457-443dcce5b223,3.11
2017-08-01,Tea,INTERNATIONAL PRICES,FAO Tea Composite Price,EXPORT,Kg,bd2b475e-9344-4e98-9457-443dcce5b223,3.13
2017-09-01,Tea,INTERNATIONAL PRICES,FAO Tea Composite Price,EXPORT,Kg,bd2b475e-9344-4e98-9457-443dcce5b223,3.17
2017-10-01,Tea,INTERNATIONAL PRICES,FAO Tea Composite Price,EXPORT,Kg,bd2b475e-9344-4e98-9457-443dcce5b223,3.2
2017-11-01,Tea,INTERNATIONAL PRICES,FAO Tea Composite Price,EXPORT,Kg,bd2b475e-9344-4e98-9457-443dcce5b223,3.03
2017-12-01,Tea,INTERNATIONAL PRICES,FAO Tea Composite Price,EXPORT,Kg,bd2b475e-9344-4e98-9457-443dcce5b223,2.91
2018-01-01,Tea,INTERNATIONAL PRICES,FAO Tea Composite Price,EXPORT,Kg,bd2b475e-9344-4e98-9457-443dcce5b223,3.07
2018-02-01,Tea,INTERNATIONAL PRICES,FAO Tea Composite Price,EXPORT,Kg,bd2b475e-9344-4e98-9457-443dcce5b223,3.03
2018-03-01,Tea,INTERNATIONAL PRICES,FAO Tea Composite Price,EXPORT,Kg,bd2b475e-9344-4e98-9457-443dcce5b223,3.07
2018-04-01,Tea,INTERNATIONAL PRICES,FAO Tea Composite Price,EXPORT,Kg,bd2b475e-9344-4e98-9457-443dcce5b223,2.83
2018-05-01,Tea,INTERNATIONAL PRICES,FAO Tea Composite Price,EXPORT,Kg,bd2b475e-9344-4e98-9457-443dcce5b223,2.94
2018-06-01,Tea,INTERNATIONAL PRICES,FAO Tea Composite Price,EXPORT,Kg,bd2b475e-9344-4e98-9457-443dcce5b223,2.75
2018-07-01,Tea,INTERNATIONAL PRICES,FAO Tea Composite Price,EXPORT,Kg,bd2b475e-9344-4e98-9457-443dcce5b223,2.69
2018-08-01,Tea,INTERNATIONAL PRICES,FAO Tea Composite Price,EXPORT,Kg,bd2b475e-9344-4e98-9457-443dcce5b223,2.6
2018-09-01,Tea,INTERNATIONAL PRICES,FAO Tea Composite Price,EXPORT,Kg,bd2b475e-9344-4e98-9457-443dcce5b223,2.54
2018-10-01,Tea,INTERNATIONAL PRICES,FAO Tea Composite Price,EXPORT,Kg,bd2b475e-9344-4e98-9457-443dcce5b223,2.54
2018-11-01,Tea,INTERNATIONAL PRICES,FAO Tea Composite Price,EXPORT,Kg,bd2b475e-9344-4e98-9457-443dcce5b223,2.5
2018-12-01,Tea,INTERNATIONAL PRICES,FAO Tea Composite Price,EXPORT,Kg,bd2b475e-9344-4e98-9457-443dcce5b223,2.45
2019-01-01,Tea,INTERNATIONAL PRICES,FAO Tea Composite Price,EXPORT,Kg,bd2b475e-9344-4e98-9457-443dcce5b223,2.58
2019-02-01,Tea,INTERNATIONAL PRICES,FAO Tea Composite Price,EXPORT,Kg,bd2b475e-9344-4e98-9457-443dcce5b223,2.3
2019-03-01,Tea,INTERNATIONAL PRICES,FAO Tea Composite Price,EXPORT,Kg,bd2b475e-9344-4e98-9457-443dcce5b223,2.4
2019-04-01,Tea,INTERNATIONAL PRICES,FAO Tea Composite Price,EXPORT,Kg,bd2b475e-9344-4e98-9457-443dcce5b223,2.45
2019-05-01,Tea,INTERNATIONAL PRICES,FAO Tea Composite Price,EXPORT,Kg,bd2b475e-9344-4e98-9457-443dcce5b223,2.51
2019-06-01,Tea,INTERNATIONAL PRICES,FAO Tea Composite Price,EXPORT,Kg,bd2b475e-9344-4e98-9457-443dcce5b223,2.34
2019-07-01,Tea,INTERNATIONAL PRICES,FAO Tea Composite Price,EXPORT,Kg,bd2b475e-9344-4e98-9457-443dcce5b223,2.29
2019-08-01,Tea,INTERNATIONAL PRICES,FAO Tea Composite Price,EXPORT,Kg,bd2b475e-9344-4e98-9457-443dcce5b223,2.35
2019-09-01,Tea,INTERNATIONAL PRICES,FAO Tea Composite Price,EXPORT,Kg,bd2b475e-9344-4e98-9457-443dcce5b223,2.38
2019-10-01,Tea,INTERNATIONAL PRICES,FAO Tea Composite Price,EXPORT,Kg,bd2b475e-9344-4e98-9457-443dcce5b223,2.47
2019-11-01,Tea,INTERNATIONAL PRICES,FAO Tea Composite Price,EXPORT,Kg,bd2b475e-9344-4e98-9457-443dcce5b223,2.47
2019-12-01,Tea,INTERNATIONAL PRICES,FAO Tea Composite Price,EXPORT,Kg,bd2b475e-9344-4e98-9457-443dcce5b223,2.45
2020-01-01,Tea,INTERNATIONAL PRICES,FAO Tea Composite Price,EXPORT,Kg,bd2b475e-9344-4e98-9457-443dcce5b223,2.4
2020-02-01,Tea,INTERNATIONAL PRICES,FAO Tea Composite Price,EXPORT,Kg,bd2b475e-9344-4e98-9457-443dcce5b223,2.3
2020-03-01,Tea,INTERNATIONAL PRICES,FAO Tea Composite Price,EXPORT,Kg,bd2b475e-9344-4e98-9457-443dcce5b223,2.15
2020-04-01,Tea,INTERNATIONAL PRICES,FAO Tea Composite Price,EXPORT,Kg,bd2b475e-9344-4e98-9457-443dcce5b223,2.58
2020-05-01,Tea,INTERNATIONAL PRICES,FAO Tea Composite Price,EXPORT,Kg,bd2b475e-9344-4e98-9457-443dcce5b223,2.43
2020-06-01,Tea,INTERNATIONAL PRICES,FAO Tea Composite Price,EXPORT,Kg,bd2b475e-9344-4e98-9457-443dcce5b223,2.46
2020-07-01,Tea,INTERNATIONAL PRICES,FAO Tea Composite Price,EXPORT,Kg,bd2b475e-9344-4e98-9457-443dcce5b223,2.59
2020-08-01,Tea,INTERNATIONAL PRICES,FAO Tea Composite Price,EXPORT,Kg,bd2b475e-9344-4e98-9457-443dcce5b223,2.78
2020-09-01,Tea,INTERNATIONAL PRICES,FAO Tea Composite Price,EXPORT,Kg,bd2b475e-9344-4e98-9457-443dcce5b223,2.82
2020-10-01,Tea,INTERNATIONAL PRICES,FAO Tea Composite Price,EXPORT,Kg,bd2b475e-9344-4e98-9457-443dcce5b223,2.66
2020-11-01,Tea,INTERNATIONAL PRICES,FAO Tea Composite Price,EXPORT,Kg,bd2b475e-9344-4e98-9457-443dcce5b223,2.59
2020-12-01,Tea,INTERNATIONAL PRICES,FAO Tea Composite Price,EXPORT,Kg,bd2b475e-9344-4e98-9457-443dcce5b223,2.48
2021-01-01,Tea,INTERNATIONAL PRICES,FAO Tea Composite Price,EXPORT,Kg,bd2b475e-9344-4e98-9457-443dcce5b223,2.5
2021-02-01,Tea,INTERNATIONAL PRICES,FAO Tea Composite Price,EXPORT,Kg,bd2b475e-9344-4e98-9457-443dcce5b223,2.38
2021-03-01,Tea,INTERNATIONAL PRICES,FAO Tea Composite Price,EXPORT,Kg,bd2b475e-9344-4e98-9457-443dcce5b223,2.35
2021-04-01,Tea,INTERNATIONAL PRICES,FAO Tea Composite Price,EXPORT,Kg,bd2b475e-9344-4e98-9457-443dcce5b223,2.26
2021-05-01,Tea,INTERNATIONAL PRICES,FAO Tea Composite Price,EXPORT,Kg,bd2b475e-9344-4e98-9457-443dcce5b223,2.32
2021-06-01,Tea,INTERNATIONAL PRICES,FAO Tea Composite Price,EXPORT,Kg,bd2b475e-9344-4e98-9457-443dcce5b223,2.26
2021-07-01,Tea,INTERNATIONAL PRICES,FAO Tea Composite Price,EXPORT,Kg,bd2b475e-9344-4e98-9457-443dcce5b223,2.32
2021-08-01,Tea,INTERNATIONAL PRICES,FAO Tea Composite Price,EXPORT,Kg,bd2b475e-9344-4e98-9457-443dcce5b223,2.49
2021-09-01,Tea,INTERNATIONAL PRICES,FAO Tea Composite Price,EXPORT,Kg,bd2b475e-9344-4e98-9457-443dcce5b223,2.61
2021-10-01,Tea,INTERNATIONAL PRICES,FAO Tea Composite Price,EXPORT,Kg,bd2b475e-9344-4e98-9457-443dcce5b223,2.59
2021-11-01,Tea,INTERNATIONAL PRICES,FAO Tea Composite Price,EXPORT,Kg,bd2b475e-9344-4e98-9457-443dcce5b223,2.62
2021-12-01,Tea,INTERNATIONAL PRICES,FAO Tea Composite Price,EXPORT,Kg,bd2b475e-9344-4e98-9457-443dcce5b223,2.61
2022-01-01,Tea,INTERNATIONAL PRICES,FAO Tea Composite Price,EXPORT,Kg,bd2b475e-9344-4e98-9457-443dcce5b223,2.74
2022-02-01,Tea,INTERNATIONAL PRICES,FAO Tea Composite Price,EXPORT,Kg,bd2b475e-9344-4e98-9457-443dcce5b223,2.68
2022-03-01,Tea,INTERNATIONAL PRICES,FAO Tea Composite Price,EXPORT,Kg,bd2b475e-9344-4e98-9457-443dcce5b223,2.63
2022-04-01,Tea,INTERNATIONAL PRICES,FAO Tea Composite Price,EXPORT,Kg,bd2b475e-9344-4e98-9457-443dcce5b223,2.83
2022-05-01,Tea,INTERNATIONAL PRICES,FAO Tea Composite Price,EXPORT,Kg,bd2b475e-9344-4e98-9457-443dcce5b223,2.82
2022-06-01,Tea,INTERNATIONAL PRICES,FAO Tea Composite Price,EXPORT,Kg,bd2b475e-9344-4e98-9457-443dcce5b223,2.74
2022-07-01,Tea,INTERNATIONAL PRICES,FAO Tea Composite Price,EXPORT,Kg,bd2b475e-9344-4e98-9457-443dcce5b223,2.91
2022-08-01,Tea,INTERNATIONAL PRICES,FAO Tea Composite Price,EXPORT,Kg,bd2b475e-9344-4e98-9457-443dcce5b223,3.03
2022-09-01,Tea,INTERNATIONAL PRICES,FAO Tea Composite Price,EXPORT,Kg,bd2b475e-9344-4e98-9457-443dcce5b223,2.93
2022-10-01,Tea,INTERNATIONAL PRICES,FAO Tea Composite Price,EXPORT,Kg,bd2b475e-9344-4e98-9457-443dcce5b223,2.85
2022-11-01,Tea,INTERNATIONAL PRICES,FAO Tea Composite Price,EXPORT,Kg,bd2b475e-9344-4e98-9457-443dcce5b223,2.78
2022-12-01,Tea,INTERNATIONAL PRICES,FAO Tea Composite Price,EXPORT,Kg,bd2b475e-9344-4e98-9457-443dcce5b223,2.61
2023-01-01,Tea,INTERNATIONAL PRICES,FAO Tea Composite Price,EXPORT,Kg,bd2b475e-9344-4e98-9457-443dcce5b223,2.57
2023-02-01,Tea,INTERNATIONAL PRICES,FAO Tea Composite Price,EXPORT,Kg,bd2b475e-9344-4e98-9457-443dcce5b223,2.59
2023-03-01,Tea,INTERNATIONAL PRICES,FAO Tea Composite Price,EXPORT,Kg,bd2b475e-9344-4e98-9457-443dcce5b223,2.73
2023-04-01,Tea,INTERNATIONAL PRICES,FAO Tea Composite Price,EXPORT,Kg,bd2b475e-9344-4e98-9457-443dcce5b223,2.64
2023-05-01,Tea,INTERNATIONAL PRICES,FAO Tea Composite Price,EXPORT,Kg,bd2b475e-9344-4e98-9457-443dcce5b223,2.5
2023-06-01,Tea,INTERNATIONAL PRICES,FAO Tea Composite Price,EXPORT,Kg,bd2b475e-9344-4e98-9457-443dcce5b223,2.41
2023-07-01,Tea,INTERNATIONAL PRICES,FAO Tea Composite Price,EXPORT,Kg,bd2b475e-9344-4e98-9457-443dcce5b223,2.39
2023-08-01,Tea,INTERNATIONAL PRICES,FAO Tea Composite Price,EXPORT,Kg,bd2b475e-9344-4e98-9457-443dcce5b223,2.56
2023-09-01,Tea,INTERNATIONAL PRICES,FAO Tea Composite Price,EXPORT,Kg,bd2b475e-9344-4e98-9457-443dcce5b223,2.59
2023-10-01,Tea,INTERNATIONAL PRICES,FAO Tea Composite Price,EXPORT,Kg,bd2b475e-9344-4e98-9457-443dcce5b223,2.47
2023-11-01,Tea,INTERNATIONAL PRICES,FAO Tea Composite Price,EXPORT,Kg,bd2b475e-9344-4e98-9457-443dcce5b223,2.46
2023-12-01,Tea,INTERNATIONAL PRICES,FAO Tea Composite Price,EXPORT,Kg,bd2b475e-9344-4e98-9457-443dcce5b223,2.7
2024-01-01,Tea,INTERNATIONAL PRICES,FAO Tea Composite Price,EXPORT,Kg,bd2b475e-9344-4e98-9457-443dcce5b223,2.42
2024-02-01,Tea,INTERNATIONAL PRICES,FAO Tea Composite Price,EXPORT,Kg,bd2b475e-9344-4e98-9457-443dcce5b223,2.55
2024-03-01,Tea,INTERNATIONAL PRICES,FAO Tea Composite Price,EXPORT,Kg,bd2b475e-9344-4e98-9457-443dcce5b223,2.64
2024-04-01,Tea,INTERNATIONAL PRICES,FAO Tea Composite Price,EXPORT,Kg,bd2b475e-9344-4e98-9457-443dcce5b223,2.63
2024-05-01,Tea,INTERNATIONAL PRICES,FAO Tea Composite Price,EXPORT,Kg,bd2b475e-9344-4e98-9457-443dcce5b223,2.79
2024-06-01,Tea,INTERNATIONAL PRICES,FAO Tea Composite Price,EXPORT,Kg,bd2b475e-9344-4e98-9457-443dcce5b223,2.8
2024-07-01,Tea,INTERNATIONAL PRICES,FAO Tea Composite Price,EXPORT,Kg,bd2b475e-9344-4e98-9457-443dcce5b223,2.86
2024-08-01,Tea,INTERNATIONAL PRICES,FAO Tea Composite Price,EXPORT,Kg,bd2b475e-9344-4e98-9457-443dcce5b223,2.94
2024-09-01,Tea,INTERNATIONAL PRICES,FAO Tea Composite Price,EXPORT,Kg,bd2b475e-9344-4e98-9457-443dcce5b223,3.04
2024-10-01,Tea,INTERNATIONAL PRICES,FAO Tea Composite Price,EXPORT,Kg,bd2b475e-9344-4e98-9457-443dcce5b223,2.91
2024-11-01,Tea,INTERNATIONAL PRICES,FAO Tea Composite Price,EXPORT,Kg,bd2b475e-9344-4e98-9457-443dcce5b223,2.77
2024-12-01,Tea,INTERNATIONAL PRICES,FAO Tea Composite Price,EXPORT,Kg,bd2b475e-9344-4e98-9457-443dcce5b223,2.74
2025-01-01,Tea,INTERNATIONAL PRICES,FAO Tea Composite Price,EXPORT,Kg,bd2b475e-9344-4e98-9457-443dcce5b223,2.57
2025-02-01,Tea,INTERNATIONAL PRICES,FAO Tea Composite Price,EXPORT,Kg,bd2b475e-9344-4e98-9457-443dcce5b223,2.61
2025-03-01,Tea,INTERNATIONAL PRICES,FAO Tea Composite Price,EXPORT,Kg,bd2b475e-9344-4e98-9457-443dcce5b223,2.66
2025-04-01,Tea,INTERNATIONAL PRICES,FAO Tea Composite Price,EXPORT,Kg,bd2b475e-9344-4e98-9457-443dcce5b223,2.62
2025-05-01,Tea,INTERNATIONAL PRICES,FAO Tea Composite Price,EXPORT,Kg,bd2b475e-9344-4e98-9457-443dcce5b223,2.61
